"start","end","peptide"
1,16,"MRVKETQMNWPNLWK"
1,16,"MRVMGIQKNYPLLWR"
1,16,"MRVMGIQRNCQHLWR"
1,16,"MRVKGIRKNYQHLWR"
1,16,"MRVRGILRNWQQWWI"
1,16,"MRVRGIERNYQHLWR"
1,16,"MRVMGIQRNWQHLWR"
4,19,"KETQMNWPNLWKWGT"
4,19,"MGIQKNYPLLWRWGT"
4,19,"MGIQRNCQHLWRWGT"
4,19,"KGIRKNYQHLWRWGT"
4,19,"RGILRNWQQWWIWGI"
4,19,"RGIERNYQHLWRWGT"
4,19,"MGIQRNWQHLWRWGT"
6,22,"QMNWPNLWKWGTLIL"
6,22,"QKNYPLLWRWGTIIF"
6,22,"QRNCQHLWRWGTMIL"
6,22,"RKNYQHLWRWGTMLL"
6,22,"LRNWQQWWIWGILGF"
6,22,"ERNYQHLWRWGTMLL"
6,22,"QRNWQHLWRWGTLIL"
7,25,"WPNLWKWGTLILGLV"
7,25,"YPLLWRWGTIIFWIM"
7,25,"CQHLWRWGTMILGMI"
7,25,"YQHLWRWGTMLLGML"
7,25,"WQQWWIWGILGFWML"
7,25,"WQHLWRWGTLILGML"
10,28,"LWKWGTLILGLVIIC"
10,28,"LWRWGTIIFWIMIIC"
10,28,"LWRWGTMILGMIIIC"
10,28,"LWRWGTMLLGMLMIC"
10,28,"WWIWGILGFWMLMIC"
10,28,"LWRWGTLILGMLIIC"
17,31,"WGTLILGLVIICSAS"
17,32,"WGTIIFWIMIICNAE"
17,31,"WGTMILGMIIICSAA"
17,31,"WGTMLLGMLMICSAA"
17,31,"WGILGFWMLMICNVV"
17,31,"WGTMLLGMLMICSVA"
17,31,"WGTLILGMLIICSAA"
20,34,"LILGLVIICSASDNL"
20,34,"IIFWIMIICNAENL"
20,34,"MILGMIIICSAAENL"
20,34,"MLLGMLMICSAAEQL"
20,34,"LGFWMLMICNVVGNL"
20,34,"MLLGMLMICSVAEQL"
20,34,"LILGMLIICSAAENL"
23,37,"GLVIICSASDNLWVT"
23,37,"WIMIICNAENLWVT"
23,37,"GMIIICSAAENLWVT"
23,37,"GMLMICSAAEQLWVT"
23,37,"WMLMICNVVGNLWVT"
23,37,"GMLMICSVAEQLWVT"
23,37,"GMLIICSAAENLWVT"
26,40,"IICSASDNLWVTVYY"
26,40,"IICNAENLWVTVYY"
26,40,"MICSAAEQLWVTVYY"
26,40,"MICNVVGNLWVTVYY"
26,40,"MICSVAEQLWVTVYY"
26,40,"IICSAAENLWVTVYY"
29,43,"SASDNLWVTVYYGVP"
29,43,"NAENLWVTVYYGVP"
29,43,"SAAEQLWVTVYYGVP"
29,43,"NVVGNLWVTVYYGVP"
29,43,"SVAEQLWVTVYYGVP"
29,43,"SAAENLWVTVYYGVP"
32,46,"DNLWVTVYYGVPVWR"
33,46,"NLWVTVYYGVPVWR"
32,46,"EQLWVTVYYGVPVWK"
32,46,"GNLWVTVYYGVPVWK"
32,46,"ENLWVTVYYGVPVWK"
35,49,"WVTVYYGVPVWRDAD"
35,49,"WVTVYYGVPVWRDAE"
35,49,"WVTVYYGVPVWKDAE"
35,49,"WVTVYYGVPVWKEAK"
35,49,"WVTVYYGVPVWKEAT"
38,52,"VYYGVPVWRDADTTL"
38,52,"VYYGVPVWRDAETTL"
38,52,"VYYGVPVWKDAETTL"
38,52,"VYYGVPVWKEAKTTL"
38,52,"VYYGVPVWKEATTTL"
41,55,"GVPVWRDADTTLFCA"
41,55,"GVPVWRDAETTLFCA"
41,55,"GVPVWKDAETTLFCA"
41,55,"GVPVWKEAKTTLFCA"
41,55,"GVPVWKEATTTLFCA"
44,58,"VWRDADTTLFCASDA"
44,58,"VWRDAETTLFCASDA"
44,58,"VWKDAETTLFCASDA"
44,58,"VWKEAKTTLFCASDA"
44,58,"VWKEATTTLFCASDA"
47,61,"DADTTLFCASDAKAH"
47,61,"DAETTLFCASDAKAY"
47,61,"EAKTTLFCASDAKAY"
47,61,"EATTTLFCASDAKSY"
47,61,"EATTTLFCASDAKAY"
50,64,"TTLFCASDAKAHETE"
50,64,"TTLFCASDAKAYDTE"
50,64,"TTLFCASDAKAYEKE"
50,64,"TTLFCASDAKSYKTE"
50,64,"TTLFCASDAKAYETE"
53,67,"FCASDAKAHETEVHN"
53,67,"FCASDAKAYDTEVHN"
53,67,"FCASDAKAYEKEVHN"
53,67,"FCASDAKSYKTEAHN"
53,67,"FCASDAKAYETEVHN"
56,70,"SDAKAHETEVHNVWA"
56,70,"SDAKAYDTEVHNVWA"
56,70,"SDAKAYEKEVHNVWA"
56,70,"SDAKSYKTEAHNIWA"
56,70,"SDAKAYETEVHNVWA"
59,73,"KAHETEVHNVWATHA"
59,73,"KAYDTEVHNVWATHA"
59,73,"KAYEKEVHNVWATHA"
59,73,"KSYKTEAHNIWATHA"
59,73,"KAYETEVHNVWATHA"
62,76,"DTEVHNVWATHACVP"
62,76,"EKEVHNVWATHACVP"
62,76,"KTEAHNIWATHACVP"
62,76,"ETEVHNVWATHACVP"
65,79,"AHNIWATHACVPTDP"
65,79,"VHNVWATHACVPTDP"
68,82,"IWATHACVPTDPNPQ"
68,82,"VWATHACVPTDPNPQ"
71,85,"THACVPTDPNPQEIH"
71,85,"THACVPTDPNPQEVV"
71,85,"THACVPTDPNPQEIK"
71,85,"THACVPTDPNPQEIV"
74,88,"CVPTDPNPQEIHLEN"
74,88,"CVPTDPNPQEVVLEN"
74,88,"CVPTDPNPQEIKLEN"
74,88,"CVPTDPNPQEIVLEN"
77,91,"TDPNPQEIHLENVTE"
77,91,"TDPNPQEVVLENVTE"
77,91,"TDPNPQEIKLENVTE"
77,91,"TDPNPQEIVLENVTE"
80,94,"NPQEIHLENVTENFN"
80,94,"NPQEIHLENVTEEFN"
80,94,"NPQEVVLENVTENFN"
80,94,"NPQEIKLENVTENFN"
80,94,"NPQEIVLENVTENFN"
83,97,"EIHLENVTENFNMWK"
83,97,"EIHLENVTEEFNMWK"
83,97,"EVVLENVTENFNMWK"
83,97,"EIKLENVTENFNMWK"
83,97,"EIVLENVTENFNMWK"
86,100,"LENVTEEFNMWKNNM"
86,100,"LENVTENFNMWKNDM"
86,100,"LENVTENFNMWKNNM"
89,103,"VTEEFNMWKNNMVEQ"
89,103,"VTENFNMWKNDMVDQ"
89,103,"VTENFNMWKNNMVEQ"
92,106,"NFNMWKNNMVEQMQE"
92,106,"EFNMWKNNMVEQMHT"
92,106,"NFNMWKNDMVDQMHE"
92,106,"NFNMWKNNMVEQMHE"
95,109,"MWKNNMVEQMQEDVI"
95,109,"MWKNNMVEQMHTDII"
95,109,"MWKNDMVDQMHEDII"
95,109,"MWKNNMVEQMHEDII"
98,112,"NNMVEQMQEDVISLW"
98,112,"NNMVEQMHTDIISLW"
98,112,"NDMVDQMHEDIISLW"
98,112,"NNMVEQMHEDIISLW"
101,115,"VEQMQEDVISLWDQS"
101,115,"VEQMHTDIISLWDQS"
101,115,"VDQMHEDIISLWDQS"
101,115,"VEQMHEDIISLWDQS"
104,118,"MQEDVISLWDQSLKP"
104,118,"MHTDIISLWDQSLKP"
104,118,"MHEDIISLWDQSLKP"
107,121,"DVISLWDQSLKPCVK"
107,121,"DIISLWDQSLKPCVK"
110,124,"SLWDQSLKPCVKLTP"
113,127,"DQSLKPCVKLTPLCV"
116,130,"LKPCVKLTPLCVTLN"
119,133,"CVKLTPLCVTLNCHN"
119,133,"CVKLTPLCVTLNCSN"
119,133,"CVKLTPLCVTLNCTD"
119,133,"CVKLTPLCVTLNCTN"
122,136,"LTPLCVTLNCTNANL"
122,136,"LTPLCVTLNCHNVNN"
122,136,"LTPLCVTLNCSNVNN"
122,136,"LTPLCVTLNCTDLNN"
122,136,"LTPLCVTLNCTNVNV"
122,136,"LTPLCVTLNCTDWKN"
122,136,"LTPLCVTLNCTNVNN"
125,139,"LCVTLNCTNANLTNV"
125,139,"LCVTLNCHNVNNSNS"
125,139,"LCVTLNCSNVNNNNT"
125,139,"LCVTLNCTDLNNNTT"
125,139,"LCVTLNCTNVNVNNT"
125,139,"LCVTLNCTDWKNNNT"
125,139,"LCVTLNCTNVNNNNT"
128,142,"TLNCTNANLTNVNNT"
128,142,"TLNCHNVNNSNSNIS"
128,142,"TLNCSNVNNNNTNIT"
128,142,"TLNCTDLNNNTTTTN"
128,140,"TLNCTNVNVNNTN"
128,142,"TLNCTDWKNNNTTNN"
128,142,"TLNCTNVNNNNTNIT"
131,145,"CTNANLTNVNNTTNV"
131,145,"CHNVNNSNSNISSNM"
131,145,"CSNVNNNNTNITSDM"
131,145,"CTDLNNNTTTTNSSS"
131,145,"CTNVNVNNTNNSM"
131,145,"CTDWKNNNTTNNTTT"
131,145,"CTNVNNNNTNITSNM"
134,148,"ANLTNVNNTTNVSNI"
134,153,"VNNSNSNISSNMQGE"
134,153,"VNNNNTNITSDMKEE"
134,149,"LNNNTTTTNSSSEKM"
134,153,"VNVNNTNNSMKGE"
134,152,"WKNNNTTNNTTTEDI"
134,153,"VNNNNTNITSNMKGE"
137,151,"TNVNNTTNVSNIIGN"
137,156,"SNSNISSNMQGEIKN"
137,156,"NNTNITSDMKEEIKN"
137,152,"NTTTTNSSSEKMEKG"
137,156,"NNTNNSMKGEIKN"
137,155,"NNTTNNTTTEDIEMK"
137,156,"NNTNITSNMKGEIKN"
140,159,"NISSNMQGEIKNCSF"
140,152,"NNTTNVSNIIGNITD"
143,155,"TNVSNIIGNITDEVR"
147,159,"NIIGNITDEVRNCSF"
140,159,"NITSDMKEEIKNCSF"
140,155,"TTNSSSEKMEKGEIK"
143,158,"SSSEKMEKGEIKNCS"
144,159,"SSEKMEKGEIKNCSF"
140,159,"NNSMKGEIKNCSF"
140,158,"TNNTTTEDIEMKNCS"
141,159,"NNTTTEDIEMKNCSF"
140,159,"NITSNMKGEIKNCSF"
150,162,"GNITDEVRNCSFNMT"
143,162,"SNMQGEIKNCSFNMT"
143,162,"SDMKEEIKNCSFNMT"
147,162,"KMEKGEIKNCSFNIT"
141,162,"NSMKGEIKNCSFNTT"
144,162,"TTEDIEMKNCSFNIT"
143,162,"SNMKGEIKNCSFNMT"
152,165,"TDEVRNCSFNMTTEL"
146,165,"QGEIKNCSFNMTTEL"
146,165,"KEEIKNCSFNMTTEL"
151,165,"KGEIKNCSFNITTSI"
146,165,"KGEIKNCSFNTTTEI"
147,165,"DIEMKNCSFNITTEV"
146,165,"KGEIKNCSFNMTTEI"
154,168,"VRNCSFNMTTELRDK"
154,168,"IKNCSFNMTTELRDK"
154,168,"IKNCSFNITTSIRDK"
154,168,"IKNCSFNTTTEIRDK"
154,168,"MKNCSFNITTEVRDK"
154,168,"IKNCSFNMTTEIRDK"
157,171,"CSFNMTTELRDKKQK"
157,171,"CSFNITTSIRDKVQK"
157,171,"CSFNTTTEIRDKKQK"
157,171,"CSFNITTEVRDKKKQ"
157,171,"CSFNMTTEIRDKKQK"
160,174,"NMTTELRDKKQKVYA"
160,174,"NMTTELRDKKQKVYS"
160,174,"NITTSIRDKVQKEYA"
160,174,"NTTTEIRDKKQKVYA"
160,174,"NITTEVRDKKKQVYA"
160,174,"NMTTEIRDKKQKVYA"
163,177,"TELRDKKQKVYALFY"
163,177,"TELRDKKQKVYSLFY"
163,177,"TSIRDKVQKEYALFY"
163,177,"TEVRDKKKQVYALFY"
163,177,"TEIRDKKQKVYALFY"
166,180,"RDKKQKVYALFYKLD"
166,180,"RDKKQKVYSLFYRLD"
166,180,"RDKVQKEYALFYKLD"
166,180,"RDKKKQVYALFYKLD"
166,180,"RDKKQKVYALFYRLD"
169,183,"KQKVYALFYKLDIVQ"
169,183,"KQKVYALFYRLDVVQ"
169,183,"KQKVYSLFYRLDVVQ"
169,183,"VQKEYALFYKLDVVP"
169,183,"KQKVYALFYRLDIVP"
169,183,"KKQVYALFYKLDVVP"
169,183,"KQKVYALFYRLDVVP"
172,185,"VYALFYKLDIVQIEN"
172,185,"VYALFYRLDVVQINE"
172,185,"VYSLFYRLDVVQINE"
172,186,"EYALFYKLDVVPIDN"
172,185,"VYALFYRLDIVPLNE"
172,185,"VYALFYKLDVVPIDN"
172,186,"VYALFYRLDVVPINN"
175,188,"LFYKLDIVQIENNNS"
175,188,"LFYRLDVVQINENNS"
175,187,"LFYRLDVVQINENSN"
175,189,"LFYKLDVVPIDNDNT"
175,188,"LFYRLDIVPLNENNS"
175,188,"LFYKLDVVPIDNNNN"
175,189,"LFYRLDVVPINNNSS"
178,191,"KLDIVQIENNNSSEY"
178,191,"RLDVVQINENNSSQY"
178,190,"RLDVVQINENSNSSE"
178,192,"KLDVVPIDNDNTSYR"
178,191,"RLDIVPLNENNSSEY"
178,191,"KLDVVPIDNNNNTSY"
178,192,"RLDVVPINNNSSEYR"
181,194,"IVQIENNNSSEYRLI"
181,194,"VVQINENNSSQYRLI"
181,193,"VVQINENSNSSEYRL"
181,195,"VVPIDNDNTSYRLIS"
181,194,"IVPLNENNSSEYRLI"
181,194,"VVPIDNNNNTSYRLI"
181,195,"VVPINNNSSEYRLIN"
184,197,"IENNNSSEYRLINCN"
184,197,"INENNSSQYRLINCN"
184,196,"INENSNSSEYRLINC"
184,198,"IDNDNTSYRLISCNT"
184,197,"LNENNSSEYRLINCN"
184,197,"IDNNNNTSYRLINCN"
184,198,"INNNSSEYRLINCNT"
186,200,"NNSSEYRLINCNTSV"
187,201,"NSSEYRLINCNTSVI"
186,200,"NNSSQYRLINCNTSA"
187,201,"NSSQYRLINCNTSAI"
186,199,"NSNSSEYRLINCNTS"
187,201,"NSSEYRLINCNTSAI"
187,201,"DNTSYRLISCNTSVI"
186,200,"NNSSEYRLINCNTST"
187,201,"NSSEYRLINCNTSTI"
186,200,"NNNTSYRLINCNTSA"
187,201,"NNTSYRLINCNTSAI"
190,204,"EYRLINCNTSVIKQA"
190,204,"QYRLINCNTSAITQA"
190,204,"SYRLISCNTSVITQA"
190,204,"EYRLINCNTSTITQA"
190,204,"SYRLINCNTSAITQA"
190,204,"EYRLINCNTSAITQA"
193,207,"LINCNTSVIKQACPK"
193,207,"LISCNTSVITQACPK"
193,207,"LINCNTSTITQACPK"
193,207,"LINCNTSAITQACPK"
196,210,"CNTSVIKQACPKISF"
196,210,"CNTSVITQACPKVSF"
196,210,"CNTSTITQACPKVSF"
196,210,"CNTSAITQACPKVTF"
196,210,"CNTSAITQACPKVSF"
199,213,"SVIKQACPKISFDPI"
199,213,"SVITQACPKVSFEPI"
199,213,"STITQACPKVSFDPI"
199,213,"SAITQACPKVTFEPI"
199,213,"SAITQACPKVSFEPI"
202,216,"KQACPKISFDPIPIH"
202,216,"TQACPKVSFDPIPIH"
202,216,"TQACPKVTFEPIPIH"
202,216,"TQACPKVSFEPIPIH"
205,219,"CPKISFDPIPIHYCT"
205,219,"CPKVSFDPIPIHYCA"
205,219,"CPKVTFEPIPIHYCA"
205,219,"CPKVSFEPIPIHYCA"
208,222,"ISFDPIPIHYCTPAG"
208,222,"VSFDPIPIHYCAPAG"
208,222,"VTFEPIPIHYCAPAG"
208,222,"VSFEPIPIHYCAPAG"
211,225,"DPIPIHYCTPAGYAI"
211,225,"DPIPIHYCAPAGYAI"
211,225,"EPIPIHYCAPAGFAI"
214,228,"PIHYCTPAGYAILKC"
214,228,"PIHYCAPAGYAILKC"
214,228,"PIHYCAPAGFAILKC"
217,231,"YCTPAGYAILKCNDK"
217,231,"YCAPAGFAILKCKDK"
217,231,"YCAPAGYAILKCNNK"
217,231,"YCAPAGFAILKCNDK"
220,234,"PAGYAILKCNDKNFN"
220,234,"PAGFAILKCNDKEFN"
220,234,"PAGFAILKCKDKEFN"
220,234,"PAGFAILKCNDKKFN"
220,234,"PAGYAILKCNNKTFN"
220,234,"PAGFAILKCNDKTFN"
223,237,"YAILKCNDKNFNGTG"
223,237,"FAILKCNDKEFNGTG"
223,237,"FAILKCKDKEFNGTG"
223,237,"FAILKCNDKKFNGTG"
223,237,"YAILKCNNKTFNGTG"
223,237,"FAILKCNDKTFNGTG"
226,240,"LKCNDKNFNGTGPCK"
226,240,"LKCNDKEFNGTGPCK"
226,240,"LKCKDKEFNGTGPCK"
226,240,"LKCNDKKFNGTGPCT"
226,240,"LKCNNKTFNGTGPCN"
226,240,"LKCNDKKFNGTGPCK"
226,240,"LKCNDKTFNGTGPCK"
229,243,"NDKNFNGTGPCKNVS"
229,243,"NDKEFNGTGPCKNVS"
229,243,"KDKEFNGTGPCKNVS"
229,243,"NDKKFNGTGPCTNVS"
229,243,"NNKTFNGTGPCNNVS"
229,243,"NDKKFNGTGPCKNVS"
229,243,"NDKTFNGTGPCKNVS"
232,246,"NFNGTGPCKNVSSVQ"
232,246,"EFNGTGPCKNVSTVQ"
232,246,"KFNGTGPCTNVSTVQ"
232,246,"TFNGTGPCNNVSTVQ"
232,246,"KFNGTGPCKNVSTVQ"
232,246,"TFNGTGPCKNVSTVQ"
235,249,"GTGPCKNVSSVQCTH"
235,249,"GTGPCTNVSTVQCTH"
235,249,"GTGPCNNVSTVQCTH"
235,249,"GTGPCKNVSTVQCTH"
238,252,"PCKNVSSVQCTHGIK"
238,252,"PCTNVSTVQCTHGIR"
238,252,"PCNNVSTVQCTHGIK"
238,252,"PCKNVSTVQCTHGIK"
241,255,"NVSSVQCTHGIKPVV"
241,255,"NVSTVQCTHGIRPVV"
241,255,"NVSTVQCTHGIKPVV"
244,258,"SVQCTHGIKPVVSTQ"
244,258,"TVQCTHGIRPVVSTQ"
244,258,"TVQCTHGIKPVVSTQ"
247,261,"CTHGIRPVVSTQLLL"
247,261,"CTHGIKPVVSTQLLL"
250,264,"GIRPVVSTQLLLNGS"
250,264,"GIKPVVSTQLLLNGS"
253,267,"PVVSTQLLLNGSLAE"
256,270,"STQLLLNGSLAEGEV"
256,270,"STQLLLNGSLAEEEV"
256,270,"STQLLLNGSLAEEEI"
259,273,"LLLNGSLAEEEIVIR"
259,273,"LLLNGSLAEGEVMIR"
259,273,"LLLNGSLAEEEVVIR"
259,273,"LLLNGSLAEEEIIIR"
262,276,"NGSLAEEEIVIRSEN"
262,276,"NGSLAEGEVMIRSEN"
262,276,"NGSLAEEEVVIRSEN"
262,276,"NGSLAEEEIIIRSEN"
265,279,"LAEEEIVIRSENITN"
265,279,"LAEGEVMIRSENITN"
265,279,"LAEEEVVIRSENFTD"
265,279,"LAEEEIIIRSENLTN"
265,279,"LAEEEIIIRSENITN"
268,282,"EEIVIRSENITNNAK"
268,282,"GEVMIRSENITNNAK"
268,282,"EEVVIRSENFTDNAK"
268,282,"EEIIIRSENLTNNAK"
268,282,"EEIIIRSENITNNAK"
271,285,"VIRSENITNNAKTII"
271,285,"MIRSENITNNAKNII"
271,285,"VIRSENFTDNAKTII"
271,285,"IIRSENLTNNAKTII"
271,285,"IIRSENLTNNAKIII"
271,285,"IIRSENITNNAKTII"
274,288,"SENITNNAKNIIVQL"
274,288,"SENFTDNAKTIIVQL"
274,288,"SENLTNNAKTIIVHL"
274,288,"SENLTNNAKIIIVQL"
274,288,"SENITNNAKTIIVQL"
277,291,"LTNNAKTIIVHLNKS"
277,291,"ITNNAKTIIVQLNEP"
277,291,"ITNNAKNIIVQLTEP"
277,291,"FTDNAKTIIVQLNES"
277,291,"LTNNAKTIIVHLNES"
277,291,"LTNNAKIIIVQLNES"
277,291,"ITNNAKTIIVQLNES"
280,294,"NAKTIIVHLNKSVEI"
280,294,"NAKTIIVQLNEPVKI"
280,294,"NAKNIIVQLTEPVKI"
280,294,"NAKTIIVHLNESVEI"
280,294,"NAKIIIVQLNESVTI"
280,294,"NAKTIIVQLNESVEI"
283,297,"TIIVHLNKSVEINCT"
283,297,"TIIVQLNEPVKINCT"
283,297,"NIIVQLTEPVKINCT"
283,297,"TIIVHLNESVEIVCT"
283,297,"IIIVQLNESVTINCT"
283,297,"TIIVQLNESVEINCT"
286,300,"VHLNKSVEINCTRPS"
286,300,"VQLNEPVKINCTRPG"
286,300,"VQLTEPVKINCTRPN"
286,300,"VHLNESVEIVCTRPN"
286,300,"VQLNESVTINCTRPY"
286,300,"VQLNESVEINCTRPN"
289,303,"NKSVEINCTRPSNNT"
289,303,"NEPVKINCTRPGNNT"
289,303,"TEPVKINCTRPNNNT"
289,303,"NESVEIVCTRPNNNT"
289,303,"NESVTINCTRPYNNT"
289,303,"NESVEINCTRPNNNT"
292,306,"VEINCTRPSNNTRTS"
292,306,"VKINCTRPGNNTRKS"
292,306,"VKINCTRPNNNTRKS"
292,306,"VEIVCTRPNNNTRKS"
292,306,"VTINCTRPYNNTRQS"
292,306,"VEINCTRPNNNTRKS"
295,309,"NCTRPSNNTRTSITI"
295,309,"NCTRPGNNTRKSVRI"
295,309,"NCTRPNNNTRKSVRI"
295,309,"VCTRPNNNTRKSIRI"
295,309,"NCTRPYNNTRQSTHI"
295,309,"NCTRPNNNTRKSIHI"
298,314,"RPSNNTRTSITIGPG"
298,314,"RPGNNTRKSVRIGPG"
298,314,"RPNNNTRKSVRIGPG"
298,314,"RPNNNTRKSIRIGPG"
298,314,"RPYNNTRQSTHIGPG"
298,314,"RPNNNTRKSIHIGPG"
301,317,"NNTRTSITIGPGQVF"
301,317,"NNTRKSVRIGPGQTF"
301,317,"NNTRKSVRIGPGQAF"
301,317,"NNTRKSIHIGPGRAF"
301,317,"NNTRKSIRIGPGQTF"
301,317,"NNTRQSTHIGPGQAL"
301,317,"NNTRKSIHIGPGQAF"
304,320,"RTSITIGPGQVFYRT"
304,320,"RKSVRIGPGQTFYAT"
304,320,"RKSVRIGPGQAFYAT"
304,320,"RKSIHIGPGRAFYAT"
304,320,"RKSIRIGPGQTFYAT"
304,320,"RQSTHIGPGQALYTT"
304,320,"RKSIHIGPGQAFYAT"
307,322,"ITIGPGQVFYRTGDI"
307,322,"VRIGPGQTFYATGDI"
307,322,"VRIGPGQAFYATGDI"
307,322,"IHIGPGRAFYATGDI"
307,322,"IRIGPGQTFYATGDI"
307,322,"THIGPGQALYTTRI"
307,322,"IHIGPGQAFYATGDI"
310,325,"GPGQVFYRTGDIIGD"
310,325,"GPGRAFYATGDIIGD"
310,325,"GPGQTFYATGDIIGD"
310,325,"GPGQALYTTRIIGD"
310,325,"GPGQAFYATGDIIGD"
315,328,"QVFYRTGDIIGDIRK"
315,328,"RAFYATGDIIGDIRQ"
315,328,"QTFYATGDIIGDIRQ"
315,328,"QALYTTRIIGDIRQ"
315,328,"QAFYATGDIIGDIRQ"
318,331,"YRTGDIIGDIRKAYC"
318,331,"YTTRIIGDIRQAHC"
318,331,"YATGDIIGDIRQAHC"
321,334,"GDIIGDIRKAYCEIN"
321,334,"GDIIGDIRQAHCNVS"
321,334,"RIIGDIRQAHCNIS"
321,334,"GDIIGDIRQAHCNIS"
323,337,"IGDIRKAYCEINGTK"
323,337,"IGDIRQAHCNVSRTE"
323,337,"IGDIRQAHCNVSRSE"
323,337,"IGDIRQAHCNISRAK"
323,337,"IGDIRQAHCNISKEK"
323,337,"IGDIRQAHCNISGAK"
323,337,"IGDIRQAHCNISRTK"
326,340,"IRKAYCEINGTKWNE"
326,340,"IRQAHCNVSRTEWNN"
326,340,"IRQAHCNVSRSEWNK"
326,340,"IRQAHCNISRAKWNN"
326,340,"IRQAHCNISKEKWNK"
326,340,"IRQAHCNISGAKWNK"
326,340,"IRQAHCNISRTKWNK"
329,343,"AYCEINGTKWNETLK"
329,343,"AHCNVSRTEWNNTLQ"
329,343,"AHCNVSRSEWNKTLQ"
329,343,"AHCNISRAKWNNTLK"
329,343,"AHCNISKEKWNKTLQ"
329,343,"AHCNISGAKWNKTLQ"
329,343,"AHCNISRTKWNKTLQ"
332,346,"EINGTKWNETLKQVT"
332,346,"NVSRTEWNNTLQQVA"
332,346,"NVSRSEWNKTLQKVA"
332,346,"NISRAKWNNTLKQIV"
332,346,"NISKEKWNKTLQRVK"
332,346,"NISGAKWNKTLQQVA"
332,346,"NISRTKWNKTLQQVA"
335,349,"GTKWNETLKQVTEKL"
335,349,"RTEWNNTLQQVATQL"
335,349,"RSEWNKTLQKVATQL"
335,349,"RAKWNNTLKQIVKKL"
335,349,"KEKWNKTLQRVKKKL"
335,349,"GAKWNKTLQQVAKKL"
335,349,"RTKWNKTLQQVATKL"
338,352,"WNETLKQVTEKLKEH"
338,352,"WNNTLQQVATQLRKY"
338,352,"WNKTLQKVATQLRKY"
338,352,"WNNTLKQIVKKLREQ"
338,352,"WNKTLQRVKKKLKEH"
338,352,"WNKTLQQVAKKLGDL"
338,352,"WNKTLQQVATKLKEH"
341,357,"TLKQVTEKLKEHFNK"
341,356,"TLQQVATQLRKYFNN"
341,357,"TLQKVATQLRKYFNK"
341,356,"TLKQIVKKLREQFGN"
341,356,"TLQRVKKKLKEHFPN"
341,356,"TLQQVAKKLGDLLNK"
341,357,"TLQQVATKLKEHFNK"
344,360,"QVTEKLKEHFNKTII"
344,359,"QVATQLRKYFNNTTI"
344,360,"KVATQLRKYFNKTII"
344,359,"QIVKKLREQFGNKTI"
344,359,"RVKKKLKEHFPNKTI"
344,359,"QVAKKLGDLLNKTTI"
344,360,"QVATKLKEHFNKTII"
347,363,"EKLKEHFNKTIIFQP"
347,362,"TQLRKYFNNTTIIFA"
347,363,"TQLRKYFNKTIIFTN"
347,362,"KKLREQFGNKTIVFN"
347,362,"KKLKEHFPNKTIKFA"
347,362,"KKLGDLLNKTTIIFK"
347,363,"TKLKEHFNKTIIFNP"
350,366,"KEHFNKTIIFQPPSG"
350,365,"RKYFNNTTIIFANSS"
350,366,"RKYFNKTIIFTNSSG"
350,365,"REQFGNKTIVFNQSS"
350,365,"KEHFPNKTIKFAPSS"
350,365,"GDLLNKTTIIFKPSS"
350,366,"KEHFNKTIIFNPSSG"
353,369,"FNKTIIFQPPSGGDL"
353,368,"FNNTTIIFANSSGGD"
354,369,"NNTTIIFANSSGGDL"
353,369,"FNKTIIFTNSSGGDL"
353,368,"FGNKTIVFNQSSGGD"
354,369,"GNKTIVFNQSSGGDP"
353,368,"FPNKTIKFAPSSGGD"
354,369,"PNKTIKFAPSSGGDL"
353,368,"LNKTTIIFKPSSGGD"
354,369,"NKTTIIFKPSSGGDP"
353,369,"FNKTIIFNPSSGGDL"
358,372,"TIIFQPPSGGDLEIT"
358,372,"TIIFANSSGGDLEIT"
358,372,"TIIFTNSSGGDLEIT"
358,372,"TIVFNQSSGGDPEIV"
358,372,"TIKFAPSSGGDLEIT"
358,372,"TIIFKPSSGGDPEIT"
358,372,"TIIFNPSSGGDLEIT"
361,375,"FQPPSGGDLEITMHH"
361,375,"FANSSGGDLEITTHS"
361,375,"FTNSSGGDLEITTHS"
361,375,"FNQSSGGDPEIVMHS"
361,375,"FAPSSGGDLEITTHS"
361,375,"FKPSSGGDPEITTHS"
361,375,"FNPSSGGDLEITTHS"
364,378,"PSGGDLEITMHHFNC"
364,378,"SSGGDPEIVMHSFNC"
364,378,"SSGGDPEITTHSFNC"
364,378,"SSGGDLEITTHSFNC"
367,381,"GDLEITMHHFNCRGE"
367,381,"GDLEITTHSFNCGGE"
367,381,"GDPEIVMHSFNCGGE"
367,381,"GDPEITTHSFNCGGE"
367,381,"GDLEITTHSFNCRGE"
370,384,"EITMHHFNCRGEFFY"
370,384,"EITTHSFNCGGEFFY"
370,384,"EIVMHSFNCGGEFFY"
370,384,"EITTHSFNCRGEFFY"
373,387,"MHHFNCRGEFFYCNT"
373,387,"THSFNCGGEFFYCNT"
373,387,"MHSFNCGGEFFYCNT"
373,387,"THSFNCRGEFFYCNT"
376,390,"FNCRGEFFYCNTTKL"
376,390,"FNCGGEFFYCNTSGL"
376,390,"FNCGGEFFYCNTTQL"
376,390,"FNCRGEFFYCNTSKL"
376,390,"FNCRGEFFYCNTSGL"
379,393,"RGEFFYCNTTKLFNS"
379,393,"GGEFFYCNTSGLFNS"
379,393,"GGEFFYCNTTQLFNS"
379,393,"RGEFFYCNTSKLFNS"
379,393,"RGEFFYCNTSGLFNS"
382,403,"FFYCNTTKLFNSTCI"
382,396,"FFYCNTTQLFNSTWN"
382,396,"FFYCNTSKLFNSTYN"
382,396,"FFYCNTSGLFNSTWN"
385,406,"CNTTKLFNSTCIGNT"
385,408,"CNTSGLFNSTWNNNT"
385,403,"CNTTQLFNSTWNNNG"
385,408,"CNTSKLFNSTYNNT"
385,404,"CNTSGLFNSTWNNST"
388,409,"TKLFNSTCIGNTMEG"
388,405,"SGLFNSTWNNNTTSS"
388,405,"SGLFNSTWNNNTTES"
388,406,"TQLFNSTWNNNGTNN"
388,411,"SKLFNSTYNNTNSN"
388,407,"SGLFNSTWNNSTNST"
388,411,"SGLFNSTWNNNTNSN"
391,412,"FNSTCIGNTMEGCNG"
391,408,"FNSTWNNNTTSSNST"
391,408,"FNSTWNNNTTESNST"
391,409,"FNSTWNNNGTNNNTN"
391,414,"FNSTYNNTNSNSTI"
391,410,"FNSTWNNSTNSTTSN"
391,414,"FNSTWNNNTNSNDTI"
394,415,"TCIGNTMEGCNGTII"
394,411,"TWNNNTTSSNSTNSN"
394,411,"TWNNNTTESNSTESN"
394,412,"TWNNNGTNNNTNGND"
394,417,"TYNNTNSNSTITLP"
394,413,"TWNNSTNSTTSNNET"
394,417,"TWNNNTNSNDTITLP"
404,418,"GNTMEGCNGTIILPC"
406,420,"TMEGCNGTIILPCKI"
397,414,"NNTTSSNSTNSNDTI"
403,417,"TSSNSTNSNDTITLQ"
406,420,"NSTNSNDTITLQCRI"
397,414,"NNTTESNSTESNDTI"
403,417,"TESNSTESNDTITLP"
406,420,"NSTESNDTITLPCRI"
397,415,"NNGTNNNTNGNDTIT"
404,418,"TNNNTNGNDTITLPC"
406,420,"NNTNGNDTITLPCRI"
397,420,"NTNSNSTITLPCRI"
397,416,"NSTNSTTSNNETITL"
405,419,"NSTTSNNETITLPCR"
406,420,"STTSNNETITLPCRI"
397,420,"NNTNSNDTITLPCRI"
409,423,"GCNGTIILPCKIKQI"
409,423,"NSNDTITLQCRIKQI"
409,423,"ESNDTITLPCRIKQI"
409,423,"NGNDTITLPCRIKQI"
409,423,"NSNSTITLPCRIKQI"
409,423,"SNNETITLPCRIKQI"
409,423,"NSNDTITLPCRIKQI"
412,426,"GTIILPCKIKQIINM"
412,426,"DTITLQCRIKQIVNM"
412,426,"STITLPCRIKQIINM"
412,426,"ETITLPCRIKQIINM"
412,426,"DTITLPCRIKQIINM"
415,429,"ILPCKIKQIINMWQG"
415,429,"TLQCRIKQIVNMWQR"
415,429,"TLPCRIKQIINMWQE"
415,429,"TLPCRIKQIINMWQG"
415,429,"TLPCRIKQIINMWQR"
418,432,"CKIKQIINMWQGVGQ"
418,432,"CRIKQIVNMWQRVGQ"
418,432,"CRIKQIINMWQEVGK"
418,432,"CRIKQIINMWQEVGR"
418,432,"CRIKQIINMWQGVGK"
418,432,"CRIKQIINMWQRVGQ"
421,435,"KQIINMWQGVGQAMY"
421,435,"KQIVNMWQRVGQAMY"
421,435,"KQIINMWQEVGKAMY"
421,435,"KQIINMWQEVGRAMY"
421,435,"KQIINMWQGVGKAMY"
421,435,"KQIINMWQRVGQAMY"
424,438,"INMWQGVGQAMYAPP"
424,438,"VNMWQRVGQAMYAPP"
424,438,"INMWQEVGKAMYAPP"
424,438,"INMWQEVGRAMYAPP"
424,438,"INMWQGVGKAMYAPP"
424,438,"INMWQRVGQAMYAPP"
427,441,"WQGVGQAMYAPPISG"
427,441,"WQRVGQAMYAPPIQG"
427,441,"WQEVGKAMYAPPIRG"
427,441,"WQEVGRAMYAPPIAG"
427,441,"WQGVGKAMYAPPIEG"
427,441,"WQRVGQAMYAPPIAG"
430,444,"VGQAMYAPPISGSIN"
430,444,"VGQAMYAPPIQGEIR"
430,444,"VGQAMYAPPIQGVIR"
430,444,"VGKAMYAPPIRGQIR"
430,444,"VGRAMYAPPIAGNIT"
430,444,"VGKAMYAPPIEGLIR"
430,444,"VGQAMYAPPIAGNIT"
433,447,"AMYAPPISGSINCVS"
433,447,"AMYAPPIQGEIRCES"
433,447,"AMYAPPIQGVIRCES"
433,447,"AMYAPPIRGQIRCSS"
433,447,"AMYAPPIAGNITCKS"
433,447,"AMYAPPIEGLIRCSS"
433,447,"AMYAPPIAGNITCSS"
436,450,"APPISGSINCVSNIT"
436,450,"APPIQGEIRCESNIT"
436,450,"APPIQGVIRCESNIT"
436,450,"APPIRGQIRCSSNIT"
436,450,"APPIAGNITCKSNIT"
436,450,"APPIEGLIRCSSNIT"
436,450,"APPIAGNITCSSNIT"
439,453,"ISGSINCVSNITGIL"
439,453,"IQGEIRCESNITGLL"
439,453,"IQGVIRCESNITGLI"
439,453,"IRGQIRCSSNITGLL"
439,453,"IAGNITCKSNITGLL"
439,453,"IEGLIRCSSNITGLL"
439,453,"IAGNITCSSNITGLL"
442,456,"SINCVSNITGILLTR"
442,456,"EIRCESNITGLLLTR"
442,456,"VIRCESNITGLILTR"
442,456,"QIRCSSNITGLLLTR"
442,456,"NITCKSNITGLLLTR"
442,456,"LIRCSSNITGLLLTR"
442,456,"NITCSSNITGLLLTR"
445,459,"CVSNITGILLTRDGG"
445,459,"CESNITGLLLTRDGG"
445,459,"CESNITGLILTRDGG"
445,459,"CKSNITGLLLTRDGG"
445,459,"CSSNITGLLLTRDGG"
448,462,"NITGILLTRDGGNNN"
448,462,"NITGLILTRDGGNNN"
448,462,"NITGLLLTRDGGNNN"
451,465,"GILLTRDGGNNNNTN"
451,465,"GLILTRDGGNNNSTN"
451,465,"GLLLTRDGGNNNNTT"
451,465,"GLLLTRDGGNNNSQN"
451,465,"GLLLTRDGGNNNSTN"
454,468,"LTRDGGNNNNTNETF"
454,468,"LTRDGGNNNNTTETF"
454,468,"LTRDGGNNNSQNETF"
454,468,"LTRDGGNNNSTNETF"
457,471,"DGGNNNNTNETFRPG"
457,471,"DGGNNNNTTETFRPG"
457,471,"DGGNNNSQNETFRPG"
457,471,"DGGNNNSTNETFRPG"
460,474,"NNNNTNETFRPGGGN"
460,474,"NNNNTTETFRPGGGD"
460,474,"NNNSQNETFRPGGGD"
460,474,"NNNSTNETFRPGGGD"
463,477,"NTNETFRPGGGNIKD"
463,477,"NTTETFRPGGGDMRD"
463,477,"NTTETFRPGGGDMKD"
463,477,"SQNETFRPGGGDMRD"
463,477,"STNETFRPGGGDMRD"
466,480,"ETFRPGGGNIKDNWR"
466,480,"ETFRPGGGDMKDNWR"
466,480,"ETFRPGGGDMRDNWR"
469,483,"RPGGGNIKDNWRSEL"
469,483,"RPGGGDMKDNWRSEL"
469,483,"RPGGGDMRDNWRSEL"
472,486,"GGNIKDNWRSELYKY"
472,486,"GGDMKDNWRSELYKY"
472,486,"GGDMRDNWRSELYKY"
475,489,"IKDNWRSELYKYKVV"
475,489,"MKDNWRSELYKYKVV"
475,489,"MRDNWRSELYKYKVV"
478,492,"NWRSELYKYKVVQIE"
478,492,"NWRSELYKYKVVEIK"
478,492,"NWRSELYKYKVVRIE"
478,492,"NWRSELYKYKVVKIE"
481,495,"SELYKYKVVQIEPLG"
481,495,"SELYKYKVVEIKPLG"
481,495,"SELYKYKVVRIEPLG"
481,495,"SELYKYKVVKIEPLG"
484,498,"YKYKVVQIEPLGIAP"
484,498,"YKYKVVEIKPLGIAP"
484,498,"YKYKVVRIEPLGLAP"
484,498,"YKYKVVKIEPLGVAP"
487,501,"KVVQIEPLGIAPTRA"
487,501,"KVVKIEPLGVAPTHA"
487,501,"KVVKIEPLGVAPTRA"
487,501,"KVVEIKPLGIAPTKA"
487,501,"KVVRIEPLGLAPTKA"
487,501,"KVVKIEPLGVAPTKA"
490,504,"QIEPLGIAPTRAKRR"
490,504,"KIEPLGVAPTHAKRR"
490,504,"KIEPLGVAPTRAKRR"
490,504,"EIKPLGIAPTKAKRR"
490,504,"RIEPLGLAPTKAKRR"
490,504,"KIEPLGVAPTKAKRR"
493,507,"PLGIAPTRAKRRVVE"
493,507,"PLGVAPTHAKRRVVE"
493,507,"PLGVAPTRAKRRVVE"
493,507,"PLGVAPTKAKRRVVQ"
493,507,"PLGIAPTKAKRRVVE"
493,507,"PLGLAPTKAKRRVVE"
493,507,"PLGVAPTKAKRRVVE"
496,510,"IAPTRAKRRVVEREK"
496,510,"VAPTHAKRRVVEREK"
496,510,"VAPTRAKRRVVEREK"
496,510,"VAPTKAKRRVVQREK"
496,510,"IAPTKAKRRVVEREK"
496,510,"LAPTKAKRRVVEREK"
496,510,"VAPTKAKRRVVEREK"
499,513,"THAKRRVVEREKRAV"
499,513,"TRAKRRVVEREKRAV"
499,513,"TKAKRRVVQREKRAV"
499,513,"TKAKRRVVEREKRAI"
499,513,"TKAKRRVVEREKRAV"
502,516,"KRRVVEREKRAVGLG"
502,516,"KRRVVQREKRAVGIG"
502,516,"KRRVVEREKRAIGLG"
502,516,"KRRVVEREKRAVGIG"
505,519,"VVEREKRAVGIGAMI"
505,519,"VVEREKRAVGLGAVF"
505,519,"VVQREKRAVGIGAMF"
505,519,"VVEREKRAIGLGAMF"
505,519,"VVEREKRAVGIGAVF"
508,522,"REKRAVGIGAMIFGF"
508,522,"REKRAVGLGAVFLGF"
508,522,"REKRAVGIGAMFLGF"
508,522,"REKRAIGLGAMFLGF"
508,522,"REKRAVGIGAVFLGF"
511,525,"RAVGIGAMIFGFLGA"
511,525,"RAVGLGAVFLGFLGA"
511,525,"RAVGIGAMFLGFLGA"
511,525,"RAIGLGAMFLGFLGA"
511,525,"RAVGIGAVFLGFLGA"
514,528,"GIGAMIFGFLGAAGS"
514,528,"GLGAVFLGFLGAAGS"
514,528,"GIGAMFLGFLGAAGS"
514,528,"GLGAMFLGFLGAAGS"
514,528,"GIGAVFLGFLGAAGS"
517,531,"AMIFGFLGAAGSTMG"
517,531,"AMFLGFLGAAGSTMG"
517,531,"AVFLGFLGAAGSTMG"
520,534,"FGFLGAAGSTMGAAS"
520,534,"LGFLGAAGSTMGAAS"
523,537,"LGAAGSTMGAASMTL"
523,537,"LGAAGSTMGAASLTL"
523,537,"LGAAGSTMGAASITL"
526,540,"AGSTMGAASMTLTVQ"
526,540,"AGSTMGAASLTLTVQ"
526,540,"AGSTMGAASITLTVQ"
529,543,"TMGAASMTLTVQARQ"
529,543,"TMGAASLTLTVQARQ"
529,543,"TMGAASITLTVQARQ"
532,546,"AASMTLTVQARQLLS"
532,546,"AASLTLTVQARQLLS"
532,546,"AASITLTVQARQLLS"
535,549,"MTLTVQARQLLSGIV"
535,549,"LTLTVQARQLLSGIV"
535,549,"ITLTVQARQLLSGIV"
538,552,"TVQARQLLSGIVQQQ"
541,555,"ARQLLSGIVQQQNNL"
541,555,"ARQLLSGIVQQQSNL"
544,558,"LLSGIVQQQNNLLRA"
544,558,"LLSGIVQQQSNLLRA"
547,561,"GIVQQQNNLLRAIEA"
547,561,"GIVQQQSNLLRAIEA"
550,564,"QQQNNLLRAIEAQQH"
550,564,"QQQSNLLRAIEAQQH"
553,567,"SNLLRAIEAQQHLLK"
553,567,"NNLLRAIEAQQHLLQ"
553,567,"SNLLRAIEAQQHMLQ"
553,567,"SNLLRAIEAQQHLLQ"
556,570,"LRAIEAQQHLLKLTV"
556,570,"LRAIEAQQHMLQLTV"
556,570,"LRAIEAQQHLLQLTV"
559,573,"IEAQQHLLKLTVWGI"
559,573,"IEAQQHMLQLTVWGI"
559,573,"IEAQQHLLQLTVWGI"
562,576,"QQHLLKLTVWGIKQL"
562,576,"QQHMLQLTVWGIKQL"
562,576,"QQHLLQLTVWGIKQL"
565,579,"LLKLTVWGIKQLQAR"
565,579,"MLQLTVWGIKQLQAR"
565,579,"LLQLTVWGIKQLQAR"
568,582,"LTVWGIKQLQARVLA"
571,585,"WGIKQLQARVLALER"
571,585,"WGIKQLQARVLAIER"
571,585,"WGIKQLQARVLAVER"
574,588,"KQLQARVLALERYLR"
574,588,"KQLQARVLAIERYLK"
574,588,"KQLQARVLAVERYLK"
577,591,"QARVLAVERYLKDQK"
577,591,"QARVLALERYLRDQQ"
577,591,"QARVLAIERYLKDQQ"
577,591,"QARVLAVERYLKDQQ"
580,594,"VLAVERYLKDQKFLG"
580,594,"VLALERYLRDQQLLG"
580,594,"VLAIERYLKDQQLLG"
580,594,"VLAVERYLKDQQLLG"
583,597,"VERYLKDQKFLGLWG"
583,597,"LERYLRDQQLLGIWG"
583,597,"IERYLKDQQLLGIWG"
583,597,"VERYLKDQQLLGIWG"
586,600,"YLKDQKFLGLWGCSG"
586,600,"YLRDQQLLGIWGCSG"
586,600,"YLKDQQLLGIWGCSG"
589,603,"DQKFLGLWGCSGKII"
589,603,"DQQLLGIWGCSGKHI"
589,603,"DQQLLGIWGCSGKLI"
592,606,"FLGLWGCSGKIICTT"
592,606,"LLGIWGCSGKHICTT"
592,606,"LLGIWGCSGKLICTT"
595,609,"LWGCSGKIICTTAVP"
595,609,"IWGCSGKLICTTTVP"
595,609,"IWGCSGKLICTTAVP"
595,609,"IWGCSGKHICTTTVP"
595,609,"IWGCSGKLICTTNVP"
598,612,"CSGKIICTTAVPWNS"
598,612,"CSGKLICTTTVPWNS"
598,612,"CSGKLICTTAVPWNA"
598,612,"CSGKLICTTAVPWNS"
598,612,"CSGKHICTTTVPWNS"
598,612,"CSGKLICTTNVPWNS"
601,615,"KIICTTAVPWNSTWS"
601,615,"KLICTTTVPWNSSWS"
601,615,"KLICTTAVPWNASWS"
601,615,"KLICTTAVPWNSSWS"
601,615,"KHICTTTVPWNSSWS"
601,615,"KLICTTNVPWNSSWS"
604,618,"CTTAVPWNSTWSNKS"
604,618,"CTTTVPWNSSWSNKT"
604,618,"CTTAVPWNASWSNKS"
604,618,"CTTAVPWNSSWSNKS"
604,618,"CTTTVPWNSSWSNKS"
604,618,"CTTNVPWNSSWSNKS"
607,621,"AVPWNSTWSNKSYEE"
607,621,"TVPWNSSWSNKTYND"
607,621,"NVPWNSSWSNKSQSE"
607,621,"AVPWNASWSNKSLDE"
607,621,"AVPWNSSWSNKSQTD"
607,621,"TVPWNSSWSNKSLDE"
607,621,"NVPWNSSWSNKSQDE"
610,624,"WNSTWSNKSYEEIWN"
610,624,"WNSSWSNKTYNDIWD"
610,624,"WNSSWSNKSQSEIWD"
610,624,"WNASWSNKSLDEIWD"
610,624,"WNSSWSNKSQTDIWD"
610,624,"WNSSWSNKSLDEIWN"
610,624,"WNSSWSNKSQDEIWD"
613,627,"TWSNKSYEEIWNNMT"
613,627,"SWSNKTYNDIWDNMT"
613,627,"SWSNKSQSEIWDNMT"
613,627,"SWSNKSLDEIWDNMT"
613,627,"SWSNKSQTDIWDNMT"
613,627,"SWSNKSLDEIWNNMT"
613,627,"SWSNKSQDEIWDNMT"
616,630,"NKSYEEIWNNMTWIE"
616,630,"NKTYNDIWDNMTWLQ"
616,630,"NKSQSEIWDNMTWLQ"
616,630,"NKSLDEIWDNMTWME"
616,630,"NKSQTDIWDNMTWMQ"
616,630,"NKSLDEIWNNMTWME"
616,630,"NKSQDEIWDNMTWME"
619,633,"YEEIWNNMTWIEWER"
619,633,"YNDIWDNMTWLQWDK"
619,633,"QSEIWDNMTWLQWDK"
619,633,"LDEIWDNMTWMEWER"
619,633,"QTDIWDNMTWMQWDR"
619,633,"LDEIWNNMTWMEWER"
619,633,"QDEIWDNMTWMEWER"
622,636,"IWNNMTWIEWEREIS"
622,636,"IWDNMTWLQWDKEIS"
622,636,"IWDNMTWMEWEREID"
622,636,"IWDNMTWMQWDREIS"
622,636,"IWNNMTWMEWEREID"
622,636,"IWDNMTWMEWEREIS"
625,639,"NMTWIEWEREISNYT"
625,639,"NMTWLQWDKEISNYT"
625,639,"NMTWMEWEREIDNYT"
625,639,"NMTWMQWDREISNYT"
625,639,"NMTWMEWEREISNYT"
628,642,"WIEWEREISNYTNQI"
628,642,"WLQWDKEISNYTNII"
628,642,"WLQWDKEISNYTQII"
628,642,"WMEWEREIDNYTGLI"
628,642,"WMQWDREISNYTDTI"
628,642,"WMEWEREISNYTQQI"
631,645,"WEREISNYTNQIYEI"
631,645,"WDKEISNYTNIIYNL"
631,645,"WDKEISNYTQIIYNL"
631,645,"WEREIDNYTGLIYTL"
631,645,"WDREISNYTDTIYRL"
631,645,"WEREIDNYTGLIYSL"
631,645,"WEREISNYTQQIYRL"
634,648,"EISNYTNQIYEILTE"
634,648,"EISNYTNIIYNLIEE"
634,648,"EISNYTQIIYNLIEE"
634,648,"EIDNYTGLIYTLIEE"
634,648,"EISNYTDTIYRLLED"
634,648,"EIDNYTGLIYSLIEE"
634,648,"EISNYTQQIYRLIEE"
637,651,"NYTNQIYEILTESQN"
637,651,"NYTNIIYNLIEESQN"
637,651,"NYTQIIYNLIEESQN"
637,651,"NYTGLIYTLIEESQN"
637,651,"NYTDTIYRLLEDSQN"
637,651,"NYTGLIYSLIEESQT"
637,651,"NYTQQIYRLIEESQN"
640,654,"NQIYEILTESQNQQD"
640,654,"NIIYNLIEESQNQQE"
640,654,"QIIYNLIEESQNQQE"
640,654,"GLIYTLIEESQNQQE"
640,654,"DTIYRLLEDSQNQQE"
640,654,"GLIYSLIEESQTQQE"
640,654,"QQIYRLIEESQNQQE"
643,657,"YEILTESQNQQDRNE"
643,657,"YNLIEESQNQQEKNE"
643,657,"YTLIEESQNQQEKNE"
643,657,"YRLLEDSQNQQEKNE"
643,657,"YSLIEESQTQQEKNE"
643,657,"YRLIEESQNQQEKNE"
646,660,"LTESQNQQDRNEKDL"
646,660,"IEESQNQQEKNEQEL"
646,660,"LEDSQNQQEKNEKDL"
646,660,"IEESQTQQEKNEQEL"
646,660,"IEESQNQQEKNEQDL"
649,663,"SQNQQDRNEKDLLEL"
649,663,"SQNQQEKNEQELLEL"
649,663,"SQNQQEKNEKDLLAL"
649,663,"SQTQQEKNEQELLQL"
649,663,"SQNQQEKNEQDLLAL"
652,666,"QQDRNEKDLLELDKW"
652,666,"QQEKNEQELLELDKW"
652,666,"QQEKNEKDLLALDSW"
652,666,"QQEKNEQELLQLDKW"
652,666,"QQEKNEQDLLALDKW"
655,669,"RNEKDLLELDKWASL"
655,669,"KNEQDLLALDKWANL"
655,669,"KNEQELLELDKWASL"
655,669,"KNEKDLLALDSWKNL"
655,669,"KNEQELLQLDKWASL"
655,669,"KNEQDLLALDKWASL"
658,672,"KDLLELDKWASLWNW"
658,672,"QDLLALDKWANLWNW"
658,672,"QELLELDKWASLWNW"
658,672,"KDLLALDSWKNLWNW"
658,672,"QELLQLDKWASLWNW"
658,672,"QDLLALDKWASLWNW"
661,675,"LALDKWANLWNWFDI"
661,675,"LELDKWASLWNWFDI"
661,675,"LALDSWKNLWNWFDI"
661,675,"LQLDKWASLWNWFSI"
661,675,"LALDKWASLWNWFDI"
664,678,"DKWANLWNWFDISNW"
664,678,"DSWKNLWNWFDITNW"
664,678,"DKWASLWNWFSITKW"
664,678,"DKWASLWNWFDITNW"
667,681,"ANLWNWFDISNWLWY"
667,681,"KNLWNWFDITNWLWY"
667,681,"ASLWNWFSITKWLWY"
667,681,"ASLWNWFDITNWLWY"
670,684,"WNWFDISNWLWYIKI"
670,684,"WNWFSITKWLWYIKI"
670,684,"WNWFDITNWLWYIKI"
673,687,"FDISNWLWYIKIFIM"
673,687,"FSITKWLWYIKIFIM"
673,687,"FDITNWLWYIKIFIM"
676,690,"SNWLWYIKIFIMIVG"
676,690,"TKWLWYIKIFIMIVG"
676,690,"TNWLWYIKIFIMIVG"
679,693,"LWYIKIFIMIVGGLI"
682,696,"IKIFIMIVGGLIGLR"
685,699,"FIMIVGGLIGLRIIF"
685,699,"FIMIVGGLIGLRIVF"
688,702,"IVGGLIGLRIIFAVL"
688,702,"IVGGLIGLRIVFAVL"
691,705,"GLIGLRIVFAVLTII"
691,705,"GLIGLRIVFAVLSII"
691,705,"GLIGLRIIFAVLSIV"
691,705,"GLIGLRIVFAVLSLV"
691,705,"GLIGLRIVFAVLSIV"
694,708,"GLRIVFAVLTIINRV"
694,708,"GLRIVFAVLSIINRV"
694,708,"GLRIIFAVLSIVNRV"
694,708,"GLRIVFAVLSLVNRV"
694,708,"GLRIVFAVLSIVNRV"
697,711,"IVFAVLTIINRVRQG"
697,711,"IVFAVLSIINRVRQG"
697,711,"IIFAVLSIVNRVRQG"
697,711,"IVFAVLSLVNRVRQG"
697,711,"IVFAVLSIVNRVRQG"
700,714,"AVLTIINRVRQGYSP"
700,714,"AVLSIINRVRQGYSP"
700,714,"AVLSLVNRVRQGYSP"
700,714,"AVLSIVNRVRQGYSP"
703,717,"TIINRVRQGYSPLSF"
703,717,"SIINRVRQGYSPLSF"
703,717,"SLVNRVRQGYSPLSF"
703,717,"SIVNRVRQGYSPLSF"
706,720,"NRVRQGYSPLSFQTP"
706,720,"NRVRQGYSPLSFQTH"
706,720,"NRVRQGYSPLSFQTR"
706,720,"NRVRQGYSPLSFQTL"
709,723,"RQGYSPLSFQTPTHH"
709,723,"RQGYSPLSFQTLTHH"
709,723,"RQGYSPLSFQTHTPN"
709,723,"RQGYSPLSFQTRLPA"
709,723,"RQGYSPLSFQTLTPN"
709,723,"RQGYSPLSFQTLLPA"
709,723,"RQGYSPLSFQTLTPH"
712,726,"YSPLSFQTPTHHQRE"
712,726,"YSPLSFQTLTHHQRE"
712,726,"YSPLSFQTHTPNPRG"
712,726,"YSPLSFQTRLPAPRG"
712,726,"YSPLSFQTLTPNPRG"
712,726,"YSPLSFQTLLPAPRG"
712,726,"YSPLSFQTLTPHPRG"
715,729,"LSFQTPTHHQREPDR"
715,729,"LSFQTLTHHQREPDR"
715,729,"LSFQTHTPNPRGLDR"
715,729,"LSFQTRLPAPRGPDR"
715,729,"LSFQTLTPNPRGPDR"
715,729,"LSFQTLLPAPRGPDR"
715,729,"LSFQTLTPHPRGPDR"
718,732,"QTPTHHQREPDRPER"
718,732,"QTLTHHQREPDRPER"
718,732,"QTHTPNPRGLDRPGR"
718,732,"QTRLPAPRGPDRPEG"
718,732,"QTLTPNPRGPDRLGR"
718,732,"QTLLPAPRGPDRPEG"
718,732,"QTLTPHPRGPDRPER"
721,735,"THHQREPDRPERIEE"
721,735,"TPNPRGLDRPGRIEE"
721,735,"LPAPRGPDRPEGIEE"
721,735,"TPNPRGPDRLGRIEE"
721,735,"TPHPRGPDRPERIEE"
724,738,"QREPDRPERIEEGGG"
724,738,"PRGLDRPGRIEEEGG"
724,738,"PRGPDRPEGIEEEGG"
724,738,"PRGPDRLGRIEEEGG"
724,738,"PRGPDRPERIEEEGG"
727,741,"PDRPERIEEGGGEQG"
727,741,"PDRPERIEEGGGEQD"
727,741,"LDRPGRIEEEGGEQD"
727,741,"PDRPEGIEEEGGERD"
727,741,"PDRLGRIEEEGGEQD"
727,741,"PDRPEGIEEEGGEQG"
727,741,"PDRPERIEEEGGEQD"
730,744,"PERIEEGGGEQGRDR"
730,744,"PERIEEGGGEQDRDR"
730,744,"PGRIEEEGGEQDRDR"
730,744,"PEGIEEEGGERDRDR"
730,744,"LGRIEEEGGEQDRDR"
730,744,"PEGIEEEGGEQGRGR"
730,744,"PERIEEEGGEQDRDR"
733,747,"IEEGGGEQGRDRSVR"
733,747,"IEEGGGEQDRDRSVR"
733,747,"IEEEGGERDRDRSGR"
733,747,"IEEEGGEQGRGRSIR"
733,747,"IEEEGGEQDRDRSIR"
736,750,"GGGEQGRDRSVRLVS"
736,750,"GGGEQDRDRSVRLVS"
736,750,"EGGERDRDRSGRLVD"
736,750,"EGGEQGRGRSIRLVN"
736,750,"EGGEQDRDRSIRLVS"
739,753,"EQGRDRSVRLVSGFL"
739,753,"EQDRDRSVRLVSGFL"
739,753,"ERDRDRSGRLVDGFL"
739,753,"EQGRGRSIRLVNGFS"
739,753,"EQDRDRSIRLVSGFL"
742,756,"RDRSVRLVSGFLALA"
742,756,"RDRSGRLVDGFLALI"
742,756,"RGRSIRLVNGFSALI"
742,756,"RDRSIRLVSGFLALA"
745,759,"SVRLVSGFLALAWDD"
745,759,"SGRLVDGFLALIWVD"
745,759,"SIRLVNGFSALIWDD"
745,759,"SIRLVSGFLALAWDD"
748,762,"LVDGFLALIWVDLRS"
748,762,"LVNGFSALIWDDLRN"
748,762,"LVSGFLALAWDDLRS"
751,765,"GFLALIWVDLRSLCL"
751,765,"GFSALIWDDLRNLCL"
751,765,"GFLALAWDDLRSLCL"
754,768,"ALIWVDLRSLCLFSY"
754,768,"ALIWDDLRNLCLFSY"
754,768,"ALAWDDLRSLCLFSY"
757,771,"WVDLRSLCLFSYHRL"
757,771,"WDDLRNLCLFSYHRL"
757,771,"WDDLRSLCLFSYHRL"
760,774,"LRSLCLFSYHRLRDL"
760,774,"LRNLCLFSYHRLRDL"
760,774,"LRSLCLFSYHRLRDF"
763,777,"LCLFSYHRLRDFVLI"
763,777,"LCLFSYHRLRDLLLI"
763,777,"LCLFSYHRLRDLILI"
763,777,"LCLFSYHRLRDFILI"
766,780,"FSYHRLRDFVLIAAR"
766,780,"FSYHRLRDLLLIVTR"
766,780,"FSYHRLRDLILIAAR"
766,780,"FSYHRLRDFILIAAR"
769,783,"HRLRDFVLIAARTVE"
769,783,"HRLRDLLLIVTRIVE"
769,783,"HRLRDFILIAARAVE"
769,783,"HRLRDLILIAARIVE"
769,783,"HRLRDFILIAARTVE"
772,786,"RDFVLIAARTVELLG"
772,786,"RDLLLIVTRIVELLG"
772,786,"RDFILIAARAVELLG"
772,786,"RDLILIAARIVELLG"
772,786,"RDFILIAARTVELLG"
775,786,"VLIAARTVELLGHSS"
775,786,"ILIAARTVELLGHSS"
775,789,"LLIVTRIVELLGRRG"
775,786,"ILIAARAVELLGRSS"
775,789,"ILIAARIVELLGRRG"
775,786,"ILIAARTVELLGRSS"
778,786,"AARTVELLGHSSLKG"
778,792,"VTRIVELLGRRGWEA"
778,786,"AARAVELLGRSSLRG"
778,792,"AARIVELLGRRGWEA"
778,786,"AARTVELLGRSSLKG"
781,788,"TVELLGHSSLKGLRR"
781,788,"TVELLGHSSLKGLRL"
781,788,"AVELLGRSSLRGLQR"
781,788,"TVELLGRSSLKGLRR"
784,791,"LLGHSSLKGLRRGWE"
784,791,"LLGHSSLKGLRLGWE"
784,791,"LLGRSSLRGLQRGWE"
784,791,"LLGRSSLKGLRRGWE"
787,794,"HSSLKGLRRGWEGLK"
787,794,"HSSLKGLRLGWEALK"
787,794,"HSSLKGLRLGWEGLK"
781,795,"IVELLGRRGWEALKY"
787,794,"RSSLRGLQRGWEALK"
781,795,"IVELLGRRGWEAIKY"
787,794,"RSSLKGLRRGWEALK"
787,797,"LKGLRRGWEGLKYLG"
787,797,"LKGLRLGWEALKYLG"
787,797,"LKGLRLGWEGLKYLW"
784,798,"LLGRRGWEALKYWWN"
787,797,"LRGLQRGWEALKYLG"
784,798,"LLGRRGWEAIKYLWN"
787,797,"LKGLRRGWEALKYLW"
787,800,"LRRGWEGLKYLGNLL"
787,800,"LRLGWEALKYLGNLL"
787,800,"LRLGWEGLKYLWNLL"
787,800,"RRGWEALKYWWNLL"
787,800,"LQRGWEALKYLGSLV"
787,800,"RRGWEAIKYLWNLL"
787,800,"LRRGWEALKYLWNLL"
789,803,"GWEGLKYLGNLLLYW"
789,803,"GWEALKYLGNLLSYW"
789,803,"GWEGLKYLWNLLLYW"
789,803,"GWEALKYWWNLLQYW"
789,803,"GWEALKYLGSLVQYW"
789,803,"GWEAIKYLWNLLQYW"
789,803,"GWEALKYLWNLLQYW"
792,806,"GLKYLGNLLLYWGQE"
792,806,"ALKYLGNLLSYWGQE"
792,806,"GLKYLWNLLLYWGRE"
792,806,"ALKYWWNLLQYWSQE"
792,806,"ALKYLGSLVQYWGLE"
792,806,"AIKYLWNLLQYWIQE"
792,806,"ALKYLWNLLQYWGQE"
795,809,"YLGNLLLYWGQELKI"
795,809,"YLGNLLSYWGQELKN"
795,809,"YLWNLLLYWGRELKI"
795,809,"YWWNLLQYWSQELKN"
795,809,"YLGSLVQYWGLELKK"
795,809,"YLWNLLQYWIQELKN"
795,809,"YLWNLLQYWGQELKN"
798,812,"NLLLYWGQELKISAI"
798,812,"NLLSYWGQELKNSAI"
798,812,"NLLLYWGRELKISAI"
798,812,"NLLQYWSQELKNSAV"
798,812,"SLVQYWGLELKKSAI"
798,812,"NLLQYWIQELKNSAI"
798,812,"NLLQYWGQELKNSAI"
801,815,"LYWGQELKISAISLL"
801,815,"SYWGQELKNSAINLL"
801,815,"LYWGRELKISAINLL"
801,815,"QYWSQELKNSAVSLL"
801,815,"QYWGLELKKSAISLL"
801,815,"QYWIQELKNSAISLL"
801,815,"QYWGQELKNSAISLL"
804,818,"GQELKISAISLLDAT"
804,818,"GQELKNSAINLLDTI"
804,818,"GRELKISAINLLDTI"
804,818,"SQELKNSAVSLLNAT"
804,818,"GLELKKSAISLLDTI"
804,818,"IQELKNSAISLLDTT"
804,818,"GQELKNSAISLLDTT"
807,821,"LKISAISLLDATAIA"
807,821,"LKNSAINLLDTIAIA"
807,821,"LKISAINLLDTIAIA"
807,821,"LKNSAVSLLNATAIA"
807,821,"LKKSAISLLDTIAIA"
807,821,"LKNSAISLLDTTAIA"
810,824,"SAISLLDATAIAVAG"
810,824,"SAINLLDTIAIAVAN"
810,824,"SAINLLDTIAIAVAG"
810,824,"SAVSLLNATAIAVAE"
810,824,"SAISLLDTIAIAVAE"
810,824,"SAISLLDTTAIAVAE"
813,827,"SLLDATAIAVAGWTD"
813,827,"NLLDTIAIAVANWTD"
813,827,"NLLDTIAIAVAGWTD"
813,827,"SLLNATAIAVAEGTD"
813,827,"SLLDTIAIAVAEGTD"
813,827,"SLLDTTAIAVAEGTD"
816,830,"DATAIAVAGWTDRVI"
816,830,"DTIAIAVANWTDRVI"
816,830,"DTIAIAVAGWTDRVI"
816,830,"NATAIAVAEGTDRVI"
816,830,"DTIAIAVAEGTDRII"
816,830,"DTTAIAVAEGTDRVI"
819,833,"AIAVAGWTDRVIEVA"
819,833,"AIAVANWTDRVIEIG"
819,833,"AIAVAGWTDRVIEIG"
819,833,"AIAVAEGTDRVIEVV"
819,833,"AIAVAEGTDRIIELI"
819,833,"AIAVAEGTDRVIEIV"
822,836,"VAGWTDRVIEVAQRA"
822,836,"VANWTDRVIEIGQRA"
822,836,"VAGWTDRVIEIGQRI"
822,836,"VAEGTDRVIEVVQRA"
822,836,"VAEGTDRIIELIQRI"
822,836,"VAEGTDRVIEIVQRA"
825,839,"WTDRVIEVAQRAWRA"
825,839,"WTDRVIEIGQRAGRA"
825,839,"WTDRVIEIGQRIGRA"
825,839,"GTDRVIEVVQRAFRA"
825,839,"GTDRIIELIQRICRA"
825,839,"GTDRVIEIVQRAVRA"
825,839,"GTDRVIEIVQRAGRA"
828,842,"RVIEVAQRAWRAILH"
828,842,"RVIEIGQRAGRAILN"
828,842,"RVIEIGQRIGRAILH"
828,842,"RVIEVVQRAFRAILH"
828,842,"RIIELIQRICRAIRN"
828,842,"RVIEIVQRAVRAILN"
828,842,"RVIEIVQRAGRAILN"
831,845,"EVAQRAWRAILHIPR"
831,845,"EIGQRAGRAILNIPR"
831,845,"EIGQRIGRAILHIPR"
831,845,"EVVQRAFRAILHIPR"
831,845,"ELIQRICRAIRNIPR"
831,845,"EIVQRAVRAILNIPR"
831,845,"EIVQRAGRAILNIPR"
834,848,"QRAWRAILHIPRRIR"
834,848,"QRIGRAILHIPRRIR"
834,848,"QRAFRAILHIPRRIR"
834,848,"QRICRAIRNIPRRIR"
834,848,"QRAVRAILNIPRRIR"
834,848,"QRAGRAILNIPRRIR"
837,851,"WRAILHIPRRIRQGL"
837,851,"GRAILHIPRRIRQGF"
837,851,"FRAILHIPRRIRQGL"
837,851,"CRAIRNIPRRIRQGF"
837,851,"VRAILNIPRRIRQGL"
837,851,"GRAILNIPRRIRQGL"
840,854,"ILHIPRRIRQGFERA"
840,854,"ILHIPRRIRQGLERA"
840,854,"IRNIPRRIRQGFEAA"
840,854,"ILNIPRRIRQGLERA"
843,856,"IPRRIRQGFERALL"
843,856,"IPRRIRQGFEAALL"
843,856,"IPRRIRQGLERALL"
